{"cameraMode":{"drawMode":0,"name":"Shaded","section":"Shading Mode"},"sceneLighting":true,"audioPlay":false,"sceneViewState":{"m_AlwaysRefresh":false,"showFog":true,"showSkybox":true,"showFlares":true,"showImageEffects":true,"showParticleSystems":true,"showVisualEffectGraphs":true,"m_FxEnabled":true},"in2DMode":false,"pivot":{"x":27.829360961914064,"y":176.64295959472657,"z":462.0821838378906},"rotation":{"x":-0.12836730480194093,"y":0.0941612720489502,"z":-0.012244129553437233,"w":-0.9871737360954285},"size":352.80853271484377,"orthographic":false}